,route,stepBoundaryMeters,population,daily_riders,occasional_riders,trips_per_week
0,1,400,10851,542.5500000000001,1443.1830000000002,10482
1,1,800,28192,845.76,2249.7216000000003,16340
2,2,400,18311,915.5500000000001,2435.3630000000003,17688
3,2,800,46594,1397.82,3718.2012,27006
